date,수온(30m),염분(30m),용존산소(30m),수온(50m),염분(50m),용존산소(50m),생산량
2008-01-01,15.75,33.65,5.515,15,33.61,5.075,7994
2008-02-01,14.8,34.01,5.82,14.4,33.99,5.42,1430
2008-03-01,14.3,33.985,5.735,13.3,33.95,5.46,3001
2008-07-01,15.1,33.94,5.13,14.3,34.36,4.335,3946
2008-08-01,15.3,33.7,5.44,14.5,34.42,4.3,7535
2008-09-01,20.35,33.565,5.11,17.25,34.19,4.095,16973
2008-10-01,25.4,33.43,4.78,20,33.96,3.89,31101
2008-11-01,20.5,33.49,5.155,18,33.925,4.275,45684
2008-12-01,15.6,33.55,5.53,16,33.89,4.66,31576
2009-01-01,14.8,33.945,5.62,14.9,34.1,5.255,12630
2009-02-01,14,34.34,5.71,13.8,34.31,5.85,15361
2009-03-01,14,34.315,5.945,13.7,34.275,5.74,8294
2009-05-01,15.75,34.11,5.785,13.8,34,5.455,7149
2009-06-01,17.5,33.93,5.39,14,33.76,5.28,6633
2009-07-01,21.2,32.92,4.995,13.95,33.545,5.105,3861
2009-08-01,24.9,31.91,4.6,13.9,33.33,4.93,11874
2009-09-01,23.7,32.615,4.665,14.8,33.21,4.405,15388
2009-10-01,22.5,33.32,4.73,15.7,33.09,3.88,6831
2009-11-01,20.1,33.535,4.965,16.8,33.465,4.53,8362
2009-12-01,17.7,33.75,5.2,17.9,33.84,5.18,5502
2010-01-01,16.15,34.095,5.47,16.25,34.14,5.415,5076
2010-02-01,14.6,34.44,5.74,14.6,34.44,5.65,2860
2010-03-01,14,34.4,6.16,13.75,34.395,5.925,1403
2010-07-01,16,33.5,5.15615,15.4,34.31,4.3252,2447
2010-08-01,16.1,33.06,5.352,15.3,34.33,4.3239,3682
2010-09-01,17.25,33.08,4.5931,16.2,34.06,4.0218,13454
2010-10-01,18.4,33.1,3.8342,17.1,33.79,3.7197,33700
2010-11-01,17.2,33.595,4.4378,16.55,33.955,4.1855,11969
2010-12-01,16,34.09,5.0414,16,34.12,4.6513,6795
2011-01-01,14.5,34.33,5.5816,14.15,34.315,5.47655,6490
2011-02-01,13,34.57,6.1218,12.3,34.51,6.3018,5867
2011-03-01,13.65,34.525,6.2418,13,34.47,6.3318,5096
2011-07-01,18.85,33.62,5.3989,14,34.035,5.45415,2296
2011-08-01,20.4,32.95,4.7498,14.3,34.25,5.0073,8948
2011-09-01,20.55,33.225,4.8955,15,34.025,4.13215,16585
2011-10-01,20.7,33.5,5.0412,15.7,33.8,3.257,36678
2011-11-01,18.8,33.88,5.0412,16.15,34.015,4.02165,11159
2011-12-01,16.9,34.26,5.0412,16.6,34.23,4.7863,19037
2012-01-01,15.55,34.415,5.3349,15.35,34.385,5.20745,23660
2012-02-01,14.2,34.57,5.6286,14.1,34.54,5.6286,4977
2012-03-01,14.9,34.545,5.5,14.3,34.505,5.5286,3470
2012-07-01,19.35,33.26,5.55715,16,33.99,4.34285,7426
2012-08-01,22.1,32.63,5.3429,17,33.74,4.2857,8269
2012-09-01,22.25,32.955,5.08575,20.1,33.78,4.42855,8885
2012-10-01,22.4,33.28,4.8286,23.2,33.82,4.5714,13656
2012-11-01,19,33.69,5.0286,19.15,33.915,4.8714,12555
2012-12-01,15.6,34.1,5.2286,15.1,34.01,5.1714,24907
2013-01-01,14.85,34.205,5.4,14.25,34.11,5.3857,16905
2013-02-01,14.1,34.31,5.5714,13.4,34.21,5.6,1338
2013-03-01,15,34.455,5.62855,14.6,34.4,5.64285,1836
2013-07-01,16.55,33.425,5.55715,15,33.875,4.2714,4102
2013-08-01,17.2,33.18,4.8857,15.5,33.89,3.4857,9240
2013-09-01,20.2,33.43,4.74285,19.3,33.78,4.0857,13600
2013-10-01,23.2,33.68,4.6,23.1,33.67,4.6857,6522
2013-11-01,20.5,34.06,5.0143,20.45,34.055,4.92855,12610
2013-12-01,17.8,34.44,5.4286,17.8,34.44,5.1714,21006
2014-01-01,15.85,34.475,5.58575,15.85,34.475,5.41425,5663
2014-02-01,13.9,34.51,5.7429,13.9,34.51,5.6571,3565
2014-03-01,14.1,34.475,6.07145,13.9,34.465,5.5071,2620
2014-07-01,20.75,33.2,5.24285,16.05,33.835,4.7714,4155
2014-08-01,23.1,32.44,4.7714,16.6,33.45,4.4857,14437
2014-09-01,22.85,33.16,4.6857,19.4,33.675,4.3714,11595
2014-10-01,22.6,33.88,4.6,22.2,33.9,4.2571,10309
2014-11-01,19.55,34.105,4.7857,19.3,34.11,4.61425,26189
2014-12-01,16.5,34.33,4.9714,16.4,34.32,4.9714,28457
2015-01-01,14.75,34.36,5.5307,14.55,34.335,5.4007,13198
2015-02-01,13,34.39,6.09,12.7,34.35,5.83,6464
2015-03-01,13.45,34.245,5.945,13.2,34.21,5.845,12532
2015-04-01,13.9,34.1,5.8,13.7,34.07,5.86,9890
2015-07-01,20.85,32.995,5.6,15.25,33.6,4.555,5568
2015-08-01,21.4,32.32,5.46,15.6,33.51,4.17,12866
2015-09-01,20.2,32.075,5.23,16,33.585,3.77,10058
2015-10-01,19,31.83,5,16.4,33.66,3.37,12177
2015-11-01,17.75,32.775,5.055,16.45,33.855,3.715,12694
2015-12-01,16.5,33.72,5.11,16.5,34.05,4.06,13593
2016-01-01,14.1,33.96,5.5407,14.05,34.12,5.0157,14466
2016-02-01,11.7,34.2,5.9714,11.6,34.19,5.9714,2065
2016-03-01,13.8,34.365,5.914275,13.25,34.335,5.9857,3105
2016-07-01,17.15,33.52,4.97145,15.1,34.11,4.3714,4400
2016-08-01,18.9,33.19,4.2,15.2,33.99,3.8857,10432
2016-09-01,20.35,32.85,4.57145,16.85,33.34,3.6714,15717
2016-10-01,21.8,32.51,4.9429,18.5,32.69,3.4571,15793
2016-11-01,19.95,33.39,5.0286,18.35,33.5,4.3,25634
2016-12-01,18.1,34.27,5.1143,18.2,34.31,5.1429,14473
2017-01-01,16,34.385,5.48565,16.05,34.405,5.41445,8352
2017-02-01,13.9,34.5,5.857,13.9,34.5,5.686,2358
2017-03-01,14.75,34.565,5.8715,14.35,34.535,5.7285,1553
2017-07-01,18.35,33.74,5.2145,15.75,33.92,4.6,5981
2017-08-01,20.3,33.47,4.486,16.1,33.59,4.314,11821
2017-09-01,20.45,33.6875,4.7575,18.35,33.775,4.6855,8402
2017-10-01,20.6,33.905,5.029,20.6,33.96,5.057,4603
2017-11-01,18.2,34.1225,5.1145,18.15,34.145,5.0285,8152
2017-12-01,15.8,34.34,5.2,15.7,34.33,5,30662
2018-01-01,14.05,34.425,5.6,13.9,34.41,5.2145,14271
2018-02-01,12.3,34.51,6,12.1,34.49,5.429,2275
2018-03-01,13.1,34.455,6.195,12.9,34.435,5.8425,9874
2018-07-01,20.25,33.405,5.5,15.9,33.96,4.6715,7950
2018-08-01,20.2,33.15,5.657,16.5,33.73,4.714,10674
2018-09-01,21.25,33.57,5.45,19.45,33.895,4.814,18739
2018-10-01,22.3,33.99,5.243,22.4,34.06,4.914,15213
2018-11-01,19.2,34.015,5.036,19.3,34.2,4.314,18957
2018-12-01,16.1,34.04,4.829,16.2,34.34,3.714,9546
2019-01-01,15.45,34.28,5.28595,14.6,34.31,4.79985,15328
2019-02-01,14.8,34.52,5.7429,13,34.28,5.8857,1687
2019-03-01,15.95,34.55,5.807175,14.6,34.41,5.3,1604
2019-07-01,17.45,33.385,5.5857,15.6,34.02,4.64285,1199
2019-08-01,18.3,33.01,5.1714,15.6,33.81,4.4,4964
2019-09-01,19.85,33.195,5.12855,18.5,33.595,3.95715,4616
2019-10-01,21.4,33.38,5.0857,21.4,33.38,3.5143,6956
2019-11-01,20.25,33.885,5.04285,19.8,33.83,4.35715,10895
2019-12-01,19.1,34.39,5,18.2,34.28,5.2,32883
2020-01-01,17.15,34.475,5.52855,16.7,34.42,5.77145,3475
2020-02-01,15.2,34.56,6.0571,15.2,34.56,6.3429,8258
2020-03-01,14.9,34.505,6.12855,14.65,34.455,6.1286,3051
2020-07-01,17.45,33.77,4.78575,16.3,34,4.8,5481
2020-08-01,19.2,33.69,4.2286,17.9,34.14,4.4,4492
2020-09-01,20.45,33.295,4.18575,19.05,33.715,3.97145,6553
2020-10-01,21.7,32.9,4.1429,20.2,33.29,3.5429,8015
2020-11-01,19.7,33.53,4.45715,18.65,33.67,4.18575,13032
2020-12-01,17.7,34.16,4.7714,17.1,34.05,4.8286,10044
2021-01-01,16.35,34.44,5.3,15.95,34.38,5.4,10747
2021-02-01,15,34.72,5.8286,14.8,34.71,5.9714,6008
2021-03-01,16,34.685,5.68575,14.9,34.625,5.6857,4216
2021-07-01,18.3,33.48,4.14285,16.5,34.21,3.9715,2584
2021-08-01,18.8,32.67,4.28,16.1,34,4.28,5806
2021-09-01,21,33.235,4.32855,19,33.74,4.1143,13591
2021-10-01,22.2,33.8,5.0571,21.9,33.48,4.6286,11448
2021-11-01,20.2,33.99,4.6857,19.45,33.845,4.37145,16245
2021-12-01,17.2,34.18,4.9143,17,34.21,5.243,26718
2022-01-01,15.65,34.31,5.75715,15.3,34.285,5.68,13448
2022-02-01,14.1,34.44,5.6,13.6,34.36,5.557,2162
2022-03-01,14.7,34.39,5.8143,13.6,34.15,5.75715,3340
2022-07-01,19.3,33.38,4.82855,17.65,34.22,4.4857,2507
2022-08-01,20,32.82,3.8714,19.5,34.34,3.7,3900
2022-09-01,21.35,34.325,4.01425,20.9,34.145,4.4,5494
2022-10-01,21.7,33.03,4.4571,22.3,33.55,3.7,5339
2022-11-01,19.55,32.755,4.81425,19,32.755,4.3,12592
2022-12-01,16.4,33.128,4.1714,15.7,34.16,4.2,24533
